id,Transaction_Date,Store_ID,Prod_Num,Sale_Amount
2,2022-01-01,704,105350-T,144.00
6,2022-01-01,706,105344-IT,265.07
10,2022-01-01,709,105357-T,195.30
13,2022-01-01,710,105360-T,188.20
18,2022-01-01,714,105365-T,221.48
20,2022-01-01,714,105366-T,213.82
22,2022-01-01,716,105368-T,189.00
23,2022-01-01,717,105369-T,228.30
27,2022-01-01,723,105378-T,155.60
38,2022-01-01,736,105326-IT,1717.70
40,2022-01-01,736,105282-IT,237.28
47,2022-01-01,736,105391-T,205.80
48,2022-01-01,736,105392-T,187.25
59,2022-01-01,736,105403-T,214.32
64,2022-01-01,736,105407-T,223.80
82,2022-01-01,804,105424-T,192.26
89,2022-01-01,813,105250-IT,837.28
91,2022-01-01,815,105392-T,187.25
92,2022-01-01,816,105265-IT,375.24
102,2022-01-01,824,105337-IT,1301.88
105,2022-01-01,827,105274-IT,296.60
106,2022-01-01,828,105437-T,187.25
111,2022-01-01,835,105272-IT,312.70
117,2022-01-01,838,105445-T,178.60
119,2022-01-01,842,105346-IT,318.96
125,2022-01-01,847,105357-T,195.30
127,2022-01-01,849,105450-T,226.79
130,2022-01-01,853,105453-T,159.58
132,2022-01-01,867,105330-IT,1376.44
133,2022-01-01,867,105371-T,216.90
139,2022-01-01,904,105326-IT,1717.70
140,2022-01-01,906,105347-IT,837.52
144,2022-01-01,908,105337-IT,1301.88
145,2022-01-01,908,105445-T,178.60
164,2022-01-02,718,105331-IT,1294.30
166,2022-01-02,720,105482-T,241.40
174,2022-01-02,725,105485-T,205.80
177,2022-01-02,727,105458-IT,637.52
178,2022-01-02,728,105459-IT,393.21
179,2022-01-02,728,105424-T,192.26
186,2022-01-02,736,105262-IT,603.50
188,2022-01-02,736,105347-IT,837.52
189,2022-01-02,736,105280-IT,254.90
192,2022-01-02,736,105266-IT,367.08
193,2022-01-02,736,105488-T,164.20
197,2022-01-02,736,105491-T,253.40
199,2022-01-02,736,105493-B,225.45
200,2022-01-02,736,105494-T,157.28
211,2022-01-02,736,105378-T,155.60
212,2022-01-02,736,105371-T,216.90
223,2022-01-02,801,105262-IT,603.50
224,2022-01-02,801,105278-IT,272.24
226,2022-01-02,802,105257-IT,715.00
227,2022-01-02,802,105510-T,166.00
228,2022-01-02,803,105284-IT,207.85
229,2022-01-02,804,105338-IT,1317.70
230,2022-01-02,804,105346-IT,318.96
232,2022-01-02,807,105343-IT,1257.12
236,2022-01-02,811,105514-T,263.88
237,2022-01-02,811,105371-T,216.90
241,2022-01-02,817,105365-T,221.48
244,2022-01-02,820,105463-IT,265.07
260,2022-01-02,836,105282-IT,237.28
261,2022-01-02,836,105525-T,204.58
265,2022-01-02,843,105527-T,228.30
266,2022-01-02,844,105265-IT,375.24
267,2022-01-02,847,105346-IT,318.96
274,2022-01-02,866,105274-IT,296.60
288,2022-01-02,908,105534-T,230.70
293,2022-01-02,911,105257-IT,715.00
294,2022-01-03,701,105325-IT,1717.70
296,2022-01-03,705,105333-IT,1292.00
298,2022-01-03,706,105325-IT,1717.70
299,2022-01-03,706,105459-IT,393.21
305,2022-01-03,716,105544-T,214.32
306,2022-01-03,716,105545-T,157.28
314,2022-01-03,724,105554-T,232.40
316,2022-01-03,727,105525-T,204.58
333,2022-01-03,736,105253-IT,801.88
334,2022-01-03,736,105344-IT,265.07
335,2022-01-03,736,105459-IT,393.21
337,2022-01-03,736,105324-IT,1294.30
338,2022-01-03,736,105330-IT,1376.44
340,2022-01-03,736,105270-IT,336.48
342,2022-01-03,736,105269-IT,343.97
350,2022-01-03,736,105563-T,171.90
351,2022-01-03,736,105357-T,195.30
353,2022-01-03,736,105565-T,182.25
371,2022-01-03,736,105575-T,165.50
373,2022-01-03,736,105577-T,215.77
385,2022-01-03,737,105369-T,228.30
392,2022-01-03,803,105590-T,187.44
395,2022-01-03,806,105336-IT,1317.70
400,2022-01-03,809,105261-IT,622.32
401,2022-01-03,809,105594-T,144.40
408,2022-01-03,814,105282-IT,237.28
409,2022-01-03,814,105250-IT,837.28
412,2022-01-03,817,105510-T,166.00
415,2022-01-03,818,105598-T,206.16
424,2022-01-03,830,105328-IT,1250.96
426,2022-01-03,830,105603-T,178.80
430,2022-01-03,834,105276-IT,281.43
434,2022-01-03,838,105256-IT,752.82
443,2022-01-03,849,105613-T,219.30
444,2022-01-03,850,105325-IT,1717.70
446,2022-01-03,851,105335-IT,1257.12
448,2022-01-03,853,105424-T,192.26
450,2022-01-03,866,105546-T,212.32
453,2022-01-03,868,105261-IT,622.32
458,2022-01-03,872,105551-T,188.12
464,2022-01-03,905,105525-T,204.58
467,2022-01-03,905,105577-T,215.77
468,2022-01-03,907,105250-IT,837.28
472,2022-01-04,702,105268-IT,346.68
475,2022-01-04,705,105619-T,144.00
478,2022-01-04,709,105324-IT,1294.30
483,2022-01-04,712,105621-T,241.40
491,2022-01-04,720,105261-IT,622.32
500,2022-01-04,730,105340-IT,1291.71
506,2022-01-04,736,105333-IT,1292.00
509,2022-01-04,736,105343-IT,1257.12
510,2022-01-04,736,105273-IT,303.52
518,2022-01-04,736,105632-T,217.34
523,2022-01-04,736,105635-T,209.24
535,2022-01-04,736,105407-T,223.80
539,2022-01-04,736,105369-T,228.30
545,2022-01-04,737,105590-T,187.44
547,2022-01-04,739,105365-T,221.48
549,2022-01-04,804,105577-T,215.77
554,2022-01-04,807,105279-IT,272.24
559,2022-01-04,810,105450-T,226.79
560,2022-01-04,811,105253-IT,801.88
561,2022-01-04,811,105459-IT,393.21
564,2022-01-04,814,105338-IT,1317.70
571,2022-01-04,825,105280-IT,254.90
573,2022-01-04,827,105278-IT,272.24
580,2022-01-04,833,105267-IT,355.92
584,2022-01-04,838,105331-IT,1294.30
588,2022-01-04,845,105265-IT,375.24
590,2022-01-04,847,105654-T,152.40
592,2022-01-04,848,105252-IT,815.00
593,2022-01-04,850,105545-T,157.28
596,2022-01-04,865,105339-IT,1161.14
599,2022-01-04,868,105554-T,232.40
600,2022-01-04,871,105326-IT,1717.70
605,2022-01-04,905,105269-IT,343.97
607,2022-01-04,906,105657-T,145.97
608,2022-01-04,906,105565-T,182.25
612,2022-01-04,908,105254-IT,798.80
614,2022-01-04,910,105575-T,165.50
626,2022-01-05,710,105463-IT,265.07
631,2022-01-05,717,105407-T,223.80
642,2022-01-05,728,105261-IT,622.32
645,2022-01-05,731,105270-IT,336.48
647,2022-01-05,731,105259-IT,698.80
648,2022-01-05,734,105254-IT,798.80
652,2022-01-05,736,105262-IT,603.50
654,2022-01-05,736,105328-IT,1250.96
655,2022-01-05,736,105459-IT,393.21
657,2022-01-05,736,105280-IT,254.90
658,2022-01-05,736,105250-IT,837.28
661,2022-01-05,736,105673-T,232.40
666,2022-01-05,736,105674-T,193.25
675,2022-01-05,736,105485-T,205.80
688,2022-01-05,736,105551-T,188.12
700,2022-01-05,802,105575-T,165.50
706,2022-01-05,814,105344-IT,265.07
711,2022-01-05,817,105269-IT,343.97
716,2022-01-05,820,105619-T,144.00
717,2022-01-05,822,105268-IT,346.68
720,2022-01-05,825,105598-T,206.16
722,2022-01-05,825,105577-T,215.77
723,2022-01-05,826,105273-IT,303.52
727,2022-01-05,830,105257-IT,715.00
728,2022-01-05,831,105252-IT,815.00
735,2022-01-05,837,105281-IT,238.56
740,2022-01-05,841,105546-T,212.32
741,2022-01-05,844,105598-T,206.16
743,2022-01-05,848,105491-T,253.40
745,2022-01-05,850,105260-IT,652.90
749,2022-01-05,851,105635-T,209.24
752,2022-01-05,853,105407-T,223.80
756,2022-01-05,868,105665-T,155.00
758,2022-01-05,901,105403-T,214.32
761,2022-01-05,903,105695-T,228.77
766,2022-01-05,907,105673-T,232.40
770,2022-01-06,703,105283-IT,237.28
772,2022-01-06,705,105702-T,253.40
778,2022-01-06,709,105328-IT,1250.96
779,2022-01-06,709,105594-T,144.40
780,2022-01-06,709,105654-T,152.40
781,2022-01-06,711,105249-IT,852.94
787,2022-01-06,718,105280-IT,254.90
792,2022-01-06,727,105283-IT,237.28
795,2022-01-06,728,105708-T,213.82
797,2022-01-06,730,105258-IT,701.88
801,2022-01-06,736,105458-IT,637.52
805,2022-01-06,736,105346-IT,318.96
807,2022-01-06,736,105463-IT,265.07
813,2022-01-06,736,105563-T,171.90
819,2022-01-06,736,105365-T,221.48
820,2022-01-06,736,105544-T,214.32
828,2022-01-06,736,105714-T,152.40
831,2022-01-06,736,105453-T,159.58
837,2022-01-06,736,105695-T,228.77
844,2022-01-06,736,105368-T,189.00
853,2022-01-06,803,105366-T,213.82
857,2022-01-06,807,105657-T,145.97
859,2022-01-06,810,105407-T,223.80
863,2022-01-06,814,105613-T,219.30
865,2022-01-06,815,105598-T,206.16
872,2022-01-06,827,105281-IT,238.56
874,2022-01-06,828,105250-IT,837.28
875,2022-01-06,828,105724-T,191.95
883,2022-01-06,835,105333-IT,1292.00
885,2022-01-06,835,105485-T,205.80
886,2022-01-06,836,105594-T,144.40
887,2022-01-06,836,105708-T,213.82
891,2022-01-06,838,105450-T,226.79
892,2022-01-06,840,105485-T,205.80
895,2022-01-06,841,105708-T,213.82
899,2022-01-06,846,105258-IT,701.88
902,2022-01-06,848,105328-IT,1250.96
907,2022-01-06,865,105338-IT,1317.70
910,2022-01-06,867,105698-IT,683.36
913,2022-01-06,871,105706-T,244.90
918,2022-01-06,905,105248-IT,883.48
922,2022-01-06,909,105603-T,178.80
923,2022-01-06,910,105702-T,253.40
925,2022-01-07,701,105276-IT,281.43
929,2022-01-07,705,105327-IT,1257.12
930,2022-01-07,705,105407-T,223.80
940,2022-01-07,721,105249-IT,852.94
944,2022-01-07,723,105337-IT,1301.88
951,2022-01-07,732,105277-IT,272.24
955,2022-01-07,736,105256-IT,752.82
956,2022-01-07,736,105333-IT,1292.00
957,2022-01-07,736,105342-IT,961.14
960,2022-01-07,736,105335-IT,1257.12
961,2022-01-07,736,105270-IT,336.48
968,2022-01-07,736,105510-T,166.00
972,2022-01-07,736,105545-T,157.28
986,2022-01-07,736,105369-T,228.30
989,2022-01-07,736,105740-T,165.50
1005,2022-01-07,810,105270-IT,336.48
1022,2022-01-07,827,105485-T,205.80
1025,2022-01-07,835,105491-T,253.40
1028,2022-01-07,836,105458-IT,637.52
1029,2022-01-07,836,105255-IT,771.36
1030,2022-01-07,836,105445-T,178.60
1031,2022-01-07,838,105445-T,178.60
1033,2022-01-07,838,105749-T,217.34
1034,2022-01-07,841,105275-IT,296.60
1035,2022-01-07,842,105463-IT,265.07
1036,2022-01-07,842,105598-T,206.16
1040,2022-01-07,846,105339-IT,1161.14
1042,2022-01-07,847,105445-T,178.60
1043,2022-01-07,847,105392-T,187.25
1050,2022-01-07,870,105272-IT,312.70
1051,2022-01-07,870,105268-IT,346.68
1068,2022-01-08,705,105327-IT,1257.12
1071,2022-01-08,706,105453-T,159.58
1072,2022-01-08,707,105752-T,171.90
1079,2022-01-08,715,105674-T,193.25
1090,2022-01-08,726,105598-T,206.16
1091,2022-01-08,728,105340-IT,1291.71
1095,2022-01-08,729,105335-IT,1257.12
1097,2022-01-08,731,105756-T,206.16
1102,2022-01-08,735,105757-T,204.58
1104,2022-01-08,736,105279-IT,272.24
1105,2022-01-08,736,105337-IT,1301.88
1106,2022-01-08,736,105332-IT,1250.96
1108,2022-01-08,736,105346-IT,318.96
1111,2022-01-08,736,105463-IT,265.07
1113,2022-01-08,736,105274-IT,296.60
1119,2022-01-08,736,105759-T,241.40
1120,2022-01-08,736,105437-T,187.25
1123,2022-01-08,736,105761-T,171.98
1124,2022-01-08,736,105756-T,206.16
1127,2022-01-08,736,105527-T,228.30
1138,2022-01-08,736,105714-T,152.40
1139,2022-01-08,736,105708-T,213.82
1142,2022-01-08,736,105378-T,155.60
1153,2022-01-08,737,105274-IT,296.60
1164,2022-01-08,807,105263-IT,379.40
1165,2022-01-08,809,105338-IT,1317.70
1170,2022-01-08,812,105458-IT,637.52
1180,2022-01-08,822,105770-T,201.80
1182,2022-01-08,824,105545-T,157.28
1185,2022-01-08,827,105325-IT,1717.70
1190,2022-01-08,833,105424-T,192.26
1196,2022-01-08,837,105463-IT,265.07
1200,2022-01-08,838,105773-T,219.30
1204,2022-01-08,841,105263-IT,379.40
1213,2022-01-08,847,105259-IT,698.80
1215,2022-01-08,849,105563-T,171.90
1221,2022-01-08,870,105331-IT,1294.30
1222,2022-01-08,870,105340-IT,1291.71
1232,2022-01-08,910,105590-T,187.44
1237,2022-01-09,706,105775-T,201.80
1239,2022-01-09,707,105453-T,159.58
1240,2022-01-09,709,105281-IT,238.56
1247,2022-01-09,719,105424-T,192.26
1253,2022-01-09,727,105621-T,241.40
1256,2022-01-09,728,105551-T,188.12
1257,2022-01-09,729,105253-IT,801.88
1259,2022-01-09,731,105262-IT,603.50
1263,2022-01-09,734,105263-IT,379.40
1264,2022-01-09,734,105575-T,165.50
1265,2022-01-09,736,105329-IT,1061.14
1266,2022-01-09,736,105260-IT,652.90
1269,2022-01-09,736,105340-IT,1291.71
1270,2022-01-09,736,105347-IT,837.52
1271,2022-01-09,736,105459-IT,393.21
1272,2022-01-09,736,105280-IT,254.90
1277,2022-01-09,736,105752-T,171.90
1282,2022-01-09,736,105437-T,187.25
1290,2022-01-09,736,105527-T,228.30
1292,2022-01-09,736,105403-T,214.32
1305,2022-01-09,738,105259-IT,698.80
1311,2022-01-09,813,105339-IT,1161.14
1317,2022-01-09,818,105248-IT,883.48
1322,2022-01-09,822,105594-T,144.40
1323,2022-01-09,823,105254-IT,798.80
1328,2022-01-09,830,105284-IT,207.85
1330,2022-01-09,832,105724-T,191.95
1334,2022-01-09,836,105251-IT,827.45
1336,2022-01-09,836,105770-T,201.80
1338,2022-01-09,837,105392-T,187.25
1346,2022-01-09,847,105331-IT,1294.30
1352,2022-01-09,852,105260-IT,652.90
1353,2022-01-09,852,105369-T,228.30
1356,2022-01-09,865,105253-IT,801.88
1360,2022-01-09,901,105545-T,157.28
1364,2022-01-09,907,105756-T,206.16
1368,2022-01-10,701,105546-T,212.32
1369,2022-01-10,703,105270-IT,336.48
1370,2022-01-10,703,105544-T,214.32
1372,2022-01-10,704,105740-T,165.50
1377,2022-01-10,707,105329-IT,1061.14
1378,2022-01-10,707,105424-T,192.26
1383,2022-01-10,712,105266-IT,367.08
1386,2022-01-10,715,105278-IT,272.24
1387,2022-01-10,716,105514-T,263.88
1388,2022-01-10,724,105248-IT,883.48
1392,2022-01-10,726,105271-IT,326.28
1393,2022-01-10,727,105271-IT,326.28
1395,2022-01-10,728,105756-T,206.16
1396,2022-01-10,729,105338-IT,1317.70
1404,2022-01-10,736,105263-IT,379.40
1405,2022-01-10,736,105255-IT,771.36
1407,2022-01-10,736,105270-IT,336.48
1414,2022-01-10,736,105619-T,144.00
1416,2022-01-10,736,105360-T,188.20
1419,2022-01-10,736,105514-T,263.88
1428,2022-01-10,736,105378-T,155.60
1437,2022-01-10,736,105770-T,201.80
1442,2022-01-10,738,105459-IT,393.21
1448,2022-01-10,815,105544-T,214.32
1458,2022-01-10,825,105344-IT,265.07
1459,2022-01-10,826,105337-IT,1301.88
1472,2022-01-10,840,105378-T,155.60
1476,2022-01-10,844,105565-T,182.25
1482,2022-01-10,847,105554-T,232.40
1486,2022-01-10,851,105275-IT,296.60
1489,2022-01-10,867,105673-T,232.40
1492,2022-01-10,871,105254-IT,798.80
1496,2022-01-10,904,105344-IT,265.07
1498,2022-01-10,910,105278-IT,272.24
1501,2022-01-11,701,105770-T,201.80
1503,2022-01-11,702,105757-T,204.58
1506,2022-01-11,707,105565-T,182.25
1509,2022-01-11,708,105378-T,155.60
1510,2022-01-11,709,105371-T,216.90
1511,2022-01-11,709,105749-T,217.34
1512,2022-01-11,710,105268-IT,346.68
1513,2022-01-11,712,105332-IT,1250.96
1515,2022-01-11,714,105803-IT,141.99
1519,2022-01-11,719,105775-T,201.80
1527,2022-01-11,725,105279-IT,272.24
1528,2022-01-11,726,105365-T,221.48
1532,2022-01-11,729,105590-T,187.44
1534,2022-01-11,733,105565-T,182.25
1536,2022-01-11,734,105265-IT,375.24
1540,2022-01-11,736,105264-IT,379.40
1547,2022-01-11,736,105534-T,230.70
1548,2022-01-11,736,105702-T,253.40
1567,2022-01-11,736,105378-T,155.60
1568,2022-01-11,736,105665-T,155.00
1572,2022-01-11,736,105554-T,232.40
1573,2022-01-11,736,105749-T,217.34
1577,2022-01-11,736,105770-T,201.80
1581,2022-01-11,737,105341-IT,1763.70
1583,2022-01-11,739,105598-T,206.16
1585,2022-01-11,804,105632-T,217.34
1592,2022-01-11,808,105272-IT,312.70
1594,2022-01-11,810,105261-IT,622.32
1596,2022-01-11,811,105632-T,217.34
1599,2022-01-11,817,105280-IT,254.90
1600,2022-01-11,817,105269-IT,343.97
1607,2022-01-11,828,105285-IT,136.12
1610,2022-01-11,828,105450-T,226.79
1613,2022-01-11,830,105698-IT,683.36
1616,2022-01-11,835,105804-IT,737.52
1618,2022-01-11,835,105773-T,219.30
1625,2022-01-11,841,105545-T,157.28
1632,2022-01-11,847,105324-IT,1294.30
1638,2022-01-11,852,105330-IT,1376.44
1639,2022-01-11,865,105575-T,165.50
1643,2022-01-11,902,105327-IT,1257.12
1648,2022-01-11,905,105458-IT,637.52
1652,2022-01-11,906,105369-T,228.30
1658,2022-01-12,702,105268-IT,346.68
1659,2022-01-12,703,105403-T,214.32
1661,2022-01-12,705,105282-IT,237.28
1671,2022-01-12,718,105334-IT,1275.44
1673,2022-01-12,719,105544-T,214.32
1677,2022-01-12,723,105815-IT,903.90
1678,2022-01-12,724,105283-IT,237.28
1680,2022-01-12,724,105424-T,192.26
1681,2022-01-12,725,105371-T,216.90
1684,2022-01-12,728,105339-IT,1161.14
1690,2022-01-12,734,105336-IT,1317.70
1692,2022-01-12,736,105337-IT,1301.88
1693,2022-01-12,736,105346-IT,318.96
1709,2022-01-12,736,105365-T,221.48
1720,2022-01-12,736,105708-T,213.82
1741,2022-01-12,804,105752-T,171.90
1746,2022-01-12,808,105594-T,144.40
1751,2022-01-12,817,105510-T,166.00
1763,2022-01-12,828,105347-IT,837.52
1771,2022-01-12,838,105463-IT,265.07
1772,2022-01-12,842,105327-IT,1257.12
1778,2022-01-12,847,105338-IT,1317.70
1779,2022-01-12,847,105545-T,157.28
1782,2022-01-12,849,105284-IT,207.85
1788,2022-01-12,851,105702-T,253.40
1790,2022-01-12,866,105565-T,182.25
1792,2022-01-12,867,105336-IT,1317.70
1802,2022-01-12,905,105706-T,244.90
1808,2022-01-12,909,105437-T,187.25
1811,2022-01-13,702,105621-T,241.40
1814,2022-01-13,704,105665-T,155.00
1820,2022-01-13,712,105266-IT,367.08
1821,2022-01-13,712,105485-T,205.80
1824,2022-01-13,714,105450-T,226.79
1833,2022-01-13,727,105695-T,228.77
1842,2022-01-13,733,105510-T,166.00
1843,2022-01-13,734,105248-IT,883.48
1848,2022-01-13,736,105262-IT,603.50
1849,2022-01-13,736,105275-IT,296.60
1852,2022-01-13,736,105269-IT,343.97
1853,2022-01-13,736,105271-IT,326.28
1854,2022-01-13,736,105277-IT,272.24
1861,2022-01-13,736,105563-T,171.90
1862,2022-01-13,736,105724-T,191.95
1865,2022-01-13,736,105360-T,188.20
1875,2022-01-13,736,105829-T,215.77
1886,2022-01-13,737,105264-IT,379.40
1901,2022-01-13,816,105575-T,165.50
1904,2022-01-13,820,105724-T,191.95
1905,2022-01-13,823,105344-IT,265.07
1908,2022-01-13,825,105366-T,213.82
1912,2022-01-13,834,105279-IT,272.24
1913,2022-01-13,834,105270-IT,336.48
1921,2022-01-13,839,105491-T,253.40
1922,2022-01-13,840,105759-T,241.40
1923,2022-01-13,841,105525-T,204.58
1928,2022-01-13,847,105369-T,228.30
1932,2022-01-13,850,105260-IT,652.90
1934,2022-01-13,852,105327-IT,1257.12
1937,2022-01-13,867,105761-T,171.98
1938,2022-01-13,868,105445-T,178.60
1952,2022-01-13,909,105621-T,241.40
1953,2022-01-13,910,105459-IT,393.21
1954,2022-01-13,911,105336-IT,1317.70
1958,2022-01-14,703,105271-IT,326.28
1964,2022-01-14,706,105333-IT,1292.00
1969,2022-01-14,711,105657-T,145.97
1971,2022-01-14,713,105759-T,241.40
1973,2022-01-14,716,105598-T,206.16
1977,2022-01-14,720,105437-T,187.25
1988,2022-01-14,728,105494-T,157.28
1998,2022-01-14,736,105268-IT,346.68
1999,2022-01-14,736,105248-IT,883.48
2001,2022-01-14,736,105673-T,232.40
2002,2022-01-14,736,105445-T,178.60
2005,2022-01-14,736,105391-T,205.80
2008,2022-01-14,736,105657-T,145.97
2009,2022-01-14,736,105493-B,225.45
2010,2022-01-14,736,105619-T,144.00
2013,2022-01-14,736,105360-T,188.20
2019,2022-01-14,736,105598-T,206.16
2020,2022-01-14,736,105545-T,157.28
2035,2022-01-14,736,105603-T,178.80
2036,2022-01-14,736,105450-T,226.79
2046,2022-01-14,804,105279-IT,272.24
2048,2022-01-14,810,105263-IT,379.40
2051,2022-01-14,812,105336-IT,1317.70
2052,2022-01-14,815,105337-IT,1301.88
2057,2022-01-14,819,105527-T,228.30
2060,2022-01-14,823,105621-T,241.40
2063,2022-01-14,825,105598-T,206.16
2064,2022-01-14,826,105280-IT,254.90
2065,2022-01-14,827,105335-IT,1257.12
2066,2022-01-14,828,105347-IT,837.52
2067,2022-01-14,828,105332-IT,1250.96
2069,2022-01-14,834,105332-IT,1250.96
2078,2022-01-14,840,105590-T,187.44
2079,2022-01-14,841,105369-T,228.30
2090,2022-01-14,851,105270-IT,336.48
2092,2022-01-14,852,105282-IT,237.28
2097,2022-01-14,865,105346-IT,318.96
2104,2022-01-14,901,105463-IT,265.07
2106,2022-01-14,905,105757-T,204.58
2108,2022-01-14,909,105674-T,193.25
2116,2022-01-15,706,105635-T,209.24
2117,2022-01-15,706,105775-T,201.80
2122,2022-01-15,711,105357-T,195.30
2123,2022-01-15,712,105804-IT,737.52
2125,2022-01-15,715,105281-IT,238.56
2128,2022-01-15,718,105357-T,195.30
2130,2022-01-15,719,105272-IT,312.70
2133,2022-01-15,721,105325-IT,1717.70
2135,2022-01-15,724,105257-IT,715.00
2139,2022-01-15,733,105453-T,159.58
2141,2022-01-15,736,105333-IT,1292.00
2142,2022-01-15,736,105249-IT,852.94
2143,2022-01-15,736,105267-IT,355.92
2144,2022-01-15,736,105255-IT,771.36
2146,2022-01-15,736,105346-IT,318.96
2147,2022-01-15,736,105339-IT,1161.14
2148,2022-01-15,736,105269-IT,343.97
2156,2022-01-15,736,105494-T,157.28
2159,2022-01-15,736,105565-T,182.25
2168,2022-01-15,736,105485-T,205.80
2181,2022-01-15,736,105740-T,165.50
2189,2022-01-15,802,105346-IT,318.96
2192,2022-01-15,804,105453-T,159.58
2193,2022-01-15,805,105282-IT,237.28
2198,2022-01-15,810,105698-IT,683.36
2203,2022-01-15,817,105340-IT,1291.71
2217,2022-01-15,834,105407-T,223.80
2218,2022-01-15,835,105510-T,166.00
2221,2022-01-15,838,105258-IT,701.88
2240,2022-01-15,852,105632-T,217.34
2247,2022-01-15,866,105261-IT,622.32
2252,2022-01-15,903,105702-T,253.40
2254,2022-01-15,904,105829-T,215.77
2256,2022-01-15,905,105403-T,214.32
2257,2022-01-15,906,105278-IT,272.24
2258,2022-01-15,906,105391-T,205.80
2263,2022-01-15,910,105280-IT,254.90
2267,2022-01-16,705,105337-IT,1301.88
2273,2022-01-16,709,105265-IT,375.24
2276,2022-01-16,711,105665-T,155.00
2289,2022-01-16,727,105249-IT,852.94
2294,2022-01-16,729,105336-IT,1317.70
2296,2022-01-16,731,105342-IT,961.14
2301,2022-01-16,736,105336-IT,1317.70
2302,2022-01-16,736,105332-IT,1250.96
2303,2022-01-16,736,105250-IT,837.28
2312,2022-01-16,736,105445-T,178.60
2320,2022-01-16,736,105674-T,193.25
2322,2022-01-16,736,105514-T,263.88
2323,2022-01-16,736,105544-T,214.32
2336,2022-01-16,736,105366-T,213.82
2340,2022-01-16,736,105369-T,228.30
2357,2022-01-16,801,105391-T,205.80
2363,2022-01-16,804,105343-IT,1257.12
2365,2022-01-16,805,105248-IT,883.48
2367,2022-01-16,805,105551-T,188.12
2369,2022-01-16,811,105815-IT,903.90
2372,2022-01-16,818,105273-IT,303.52
2373,2022-01-16,818,105565-T,182.25
2377,2022-01-16,829,105360-T,188.20
2380,2022-01-16,832,105756-T,206.16
2382,2022-01-16,835,105761-T,171.98
2383,2022-01-16,836,105325-IT,1717.70
2385,2022-01-16,837,105757-T,204.58
2386,2022-01-16,837,105545-T,157.28
2390,2022-01-16,848,105546-T,212.32
2391,2022-01-16,850,105724-T,191.95
2393,2022-01-16,851,105575-T,165.50
2402,2022-01-16,902,105254-IT,798.80
2407,2022-01-16,905,105450-T,226.79
2414,2022-01-17,701,105260-IT,652.90
2417,2022-01-17,705,105350-T,144.00
2420,2022-01-17,706,105264-IT,379.40
2424,2022-01-17,709,105252-IT,815.00
2430,2022-01-17,713,105275-IT,296.60
2434,2022-01-17,716,105829-T,215.77
2448,2022-01-17,724,105565-T,182.25
2451,2022-01-17,727,105273-IT,303.52
2456,2022-01-17,730,105458-IT,637.52
2460,2022-01-17,736,105331-IT,1294.30
2461,2022-01-17,736,105804-IT,737.52
2462,2022-01-17,736,105264-IT,379.40
2463,2022-01-17,736,105339-IT,1161.14
2471,2022-01-17,736,105493-B,225.45
2477,2022-01-17,736,105761-T,171.98
2485,2022-01-17,736,105708-T,213.82
2487,2022-01-17,736,105773-T,219.30
2507,2022-01-17,809,105514-T,263.88
2509,2022-01-17,810,105590-T,187.44
2510,2022-01-17,811,105752-T,171.90
2528,2022-01-17,827,105804-IT,737.52
2534,2022-01-17,831,105275-IT,296.60
2546,2022-01-17,841,105281-IT,238.56
2552,2022-01-17,847,105525-T,204.58
2553,2022-01-17,848,105346-IT,318.96
2561,2022-01-17,870,105271-IT,326.28
2562,2022-01-17,872,105450-T,226.79
2564,2022-01-17,902,105803-IT,141.99
2578,2022-01-18,703,105749-T,217.34
2580,2022-01-18,705,105635-T,209.24
2582,2022-01-18,705,105565-T,182.25
2588,2022-01-18,710,105695-T,228.77
2595,2022-01-18,715,105706-T,244.90
2600,2022-01-18,719,105279-IT,272.24
2604,2022-01-18,726,105284-IT,207.85
2605,2022-01-18,727,105254-IT,798.80
2615,2022-01-18,735,105248-IT,883.48
2616,2022-01-18,736,105331-IT,1294.30
2618,2022-01-18,736,105255-IT,771.36
2620,2022-01-18,736,105269-IT,343.97
2621,2022-01-18,736,105265-IT,375.24
2622,2022-01-18,736,105274-IT,296.60
2624,2022-01-18,736,105673-T,232.40
2625,2022-01-18,736,105752-T,171.90
2632,2022-01-18,736,105494-T,157.28
2641,2022-01-18,736,105590-T,187.44
2643,2022-01-18,736,105546-T,212.32
2644,2022-01-18,736,105485-T,205.80
2645,2022-01-18,736,105453-T,159.58
2650,2022-01-18,736,105371-T,216.90
2652,2022-01-18,736,105577-T,215.77
2660,2022-01-18,736,105695-T,228.77
2668,2022-01-18,737,105403-T,214.32
2676,2022-01-18,808,105546-T,212.32
2677,2022-01-18,811,105337-IT,1301.88
2680,2022-01-18,813,105337-IT,1301.88
2682,2022-01-18,815,105450-T,226.79
2686,2022-01-18,823,105259-IT,698.80
2689,2022-01-18,825,105756-T,206.16
2692,2022-01-18,827,105665-T,155.00
2693,2022-01-18,828,105254-IT,798.80
2696,2022-01-18,835,105338-IT,1317.70
2698,2022-01-18,835,105391-T,205.80
2702,2022-01-18,838,105272-IT,312.70
2704,2022-01-18,843,105565-T,182.25
2707,2022-01-18,847,105391-T,205.80
2708,2022-01-18,848,105334-IT,1275.44
2710,2022-01-18,849,105485-T,205.80
2717,2022-01-18,868,105654-T,152.40
2718,2022-01-18,870,105257-IT,715.00
2726,2022-01-18,903,105494-T,157.28
2729,2022-01-18,904,105392-T,187.25
2734,2022-01-18,911,105368-T,189.00
2742,2022-01-19,710,105284-IT,207.85
2745,2022-01-19,711,105274-IT,296.60
2746,2022-01-19,714,105251-IT,827.45
2749,2022-01-19,720,105632-T,217.34
2750,2022-01-19,720,105770-T,201.80
2755,2022-01-19,730,105437-T,187.25
2756,2022-01-19,732,105357-T,195.30
2758,2022-01-19,733,105450-T,226.79
2763,2022-01-19,736,105342-IT,961.14
2765,2022-01-19,736,105279-IT,272.24
2767,2022-01-19,736,105337-IT,1301.88
2769,2022-01-19,736,105327-IT,1257.12
2771,2022-01-19,736,105250-IT,837.28
2772,2022-01-19,736,105278-IT,272.24
2775,2022-01-19,736,105752-T,171.90
2782,2022-01-19,736,105619-T,144.00
2795,2022-01-19,736,105714-T,152.40
2796,2022-01-19,736,105706-T,244.90
2798,2022-01-19,736,105366-T,213.82
2806,2022-01-19,736,105775-T,201.80
2814,2022-01-19,806,105494-T,157.28
2820,2022-01-19,814,105371-T,216.90
2821,2022-01-19,815,105333-IT,1292.00
2825,2022-01-19,818,105770-T,201.80
2826,2022-01-19,819,105554-T,232.40
2827,2022-01-19,820,105284-IT,207.85
2834,2022-01-19,825,105775-T,201.80
2843,2022-01-19,835,105491-T,253.40
2844,2022-01-19,835,105594-T,144.40
2848,2022-01-19,840,105262-IT,603.50
2851,2022-01-19,842,105253-IT,801.88
2854,2022-01-19,845,105360-T,188.20
2855,2022-01-19,846,105325-IT,1717.70
2857,2022-01-19,847,105360-T,188.20
2861,2022-01-19,852,105657-T,145.97
2869,2022-01-19,901,105281-IT,238.56
2874,2022-01-19,907,105391-T,205.80
2875,2022-01-19,907,105775-T,201.80
2877,2022-01-19,909,105510-T,166.00
2881,2022-01-20,703,105337-IT,1301.88
2886,2022-01-20,706,105263-IT,379.40
2892,2022-01-20,709,105761-T,171.98
2893,2022-01-20,710,105337-IT,1301.88
2894,2022-01-20,710,105366-T,213.82
2895,2022-01-20,712,105340-IT,1291.71
2907,2022-01-20,723,105770-T,201.80
2908,2022-01-20,724,105752-T,171.90
2916,2022-01-20,727,105330-IT,1376.44
2921,2022-01-20,735,105815-IT,903.90
2923,2022-01-20,736,105329-IT,1061.14
2927,2022-01-20,736,105263-IT,379.40
2928,2022-01-20,736,105249-IT,852.94
2930,2022-01-20,736,105276-IT,281.43
2931,2022-01-20,736,105337-IT,1301.88
2933,2022-01-20,736,105275-IT,296.60
2934,2022-01-20,736,105327-IT,1257.12
2936,2022-01-20,736,105273-IT,303.52
2937,2022-01-20,736,105525-T,204.58
2947,2022-01-20,736,105759-T,241.40
2952,2022-01-20,736,105360-T,188.20
2955,2022-01-20,736,105756-T,206.16
2977,2022-01-20,804,105706-T,244.90
2984,2022-01-20,815,105804-IT,737.52
2985,2022-01-20,815,105254-IT,798.80
2986,2022-01-20,815,105346-IT,318.96
2996,2022-01-20,824,105392-T,187.25
2999,2022-01-20,829,105283-IT,237.28
3003,2022-01-20,835,105603-T,178.80
3008,2022-01-20,841,105770-T,201.80
3009,2022-01-20,843,105391-T,205.80
3014,2022-01-20,850,105335-IT,1257.12
3017,2022-01-20,865,105534-T,230.70
3024,2022-01-20,902,105281-IT,238.56
3025,2022-01-20,903,105280-IT,254.90
3035,2022-01-21,707,105534-T,230.70
3039,2022-01-21,711,105459-IT,393.21
3047,2022-01-21,717,105365-T,221.48
3051,2022-01-21,724,105271-IT,326.28
3052,2022-01-21,724,105563-T,171.90
3058,2022-01-21,730,105761-T,171.98
3061,2022-01-21,732,105488-T,164.20
3063,2022-01-21,734,105488-T,164.20
3064,2022-01-21,734,105482-T,241.40
3065,2022-01-21,734,105424-T,192.26
3067,2022-01-21,735,105724-T,191.95
3069,2022-01-21,736,105338-IT,1317.70
3070,2022-01-21,736,105459-IT,393.21
3071,2022-01-21,736,105332-IT,1250.96
3082,2022-01-21,736,105493-B,225.45
3098,2022-01-21,736,105665-T,155.00
3102,2022-01-21,736,105577-T,215.77
3108,2022-01-21,736,105554-T,232.40
3110,2022-01-21,736,105551-T,188.12
3113,2022-01-21,736,105770-T,201.80
3119,2022-01-21,804,105603-T,178.80
3132,2022-01-21,817,105335-IT,1257.12
3139,2022-01-21,822,105424-T,192.26
3151,2022-01-21,835,105551-T,188.12
3159,2022-01-21,843,105815-IT,903.90
3167,2022-01-21,852,105262-IT,603.50
3194,2022-01-22,709,105335-IT,1257.12
3203,2022-01-22,719,105262-IT,603.50
3208,2022-01-22,726,105340-IT,1291.71
3209,2022-01-22,727,105804-IT,737.52
3215,2022-01-22,729,105261-IT,622.32
3219,2022-01-22,732,105366-T,213.82
3223,2022-01-22,736,105329-IT,1061.14
3224,2022-01-22,736,105337-IT,1301.88
3225,2022-01-22,736,105459-IT,393.21
3227,2022-01-22,736,105269-IT,343.97
3228,2022-01-22,736,105803-IT,141.99
3229,2022-01-22,736,105277-IT,272.24
3231,2022-01-22,736,105510-T,166.00
3234,2022-01-22,736,105563-T,171.90
3236,2022-01-22,736,105360-T,188.20
3254,2022-01-22,736,105590-T,187.44
3257,2022-01-22,736,105424-T,192.26
3268,2022-01-22,804,105407-T,223.80
3276,2022-01-22,812,105328-IT,1250.96
3277,2022-01-22,812,105275-IT,296.60
3281,2022-01-22,816,105770-T,201.80
3285,2022-01-22,819,105563-T,171.90
3287,2022-01-22,823,105276-IT,281.43
3288,2022-01-22,823,105554-T,232.40
3290,2022-01-22,825,105250-IT,837.28
3294,2022-01-22,832,105258-IT,701.88
3297,2022-01-22,835,105391-T,205.80
3298,2022-01-22,836,105269-IT,343.97
3301,2022-01-22,842,105752-T,171.90
3303,2022-01-22,844,105333-IT,1292.00
3304,2022-01-22,846,105251-IT,827.45
3307,2022-01-22,848,105635-T,209.24
3308,2022-01-22,849,105282-IT,237.28
3310,2022-01-22,850,105702-T,253.40
3323,2022-01-22,903,105491-T,253.40
3325,2022-01-22,905,105269-IT,343.97
3330,2022-01-23,702,105254-IT,798.80
3333,2022-01-23,703,105360-T,188.20
3334,2022-01-23,704,105331-IT,1294.30
3335,2022-01-23,704,105275-IT,296.60
3337,2022-01-23,705,105804-IT,737.52
3342,2022-01-23,711,105346-IT,318.96
3348,2022-01-23,717,105815-IT,903.90
3355,2022-01-23,722,105708-T,213.82
3357,2022-01-23,724,105274-IT,296.60
3359,2022-01-23,727,105324-IT,1294.30
3360,2022-01-23,727,105695-T,228.77
3363,2022-01-23,729,105598-T,206.16
3366,2022-01-23,732,105262-IT,603.50
3375,2022-01-23,736,105698-IT,683.36
3376,2022-01-23,736,105327-IT,1257.12
3377,2022-01-23,736,105250-IT,837.28
3379,2022-01-23,736,105463-IT,265.07
3384,2022-01-23,736,105752-T,171.90
3389,2022-01-23,736,105491-T,253.40
3392,2022-01-23,736,105392-T,187.25
3406,2022-01-23,736,105369-T,228.30
3410,2022-01-23,736,105554-T,232.40
3418,2022-01-23,738,105577-T,215.77
3419,2022-01-23,738,105554-T,232.40
3424,2022-01-23,807,105333-IT,1292.00
3430,2022-01-23,816,105657-T,145.97
3433,2022-01-23,820,105714-T,152.40
3449,2022-01-23,841,105251-IT,827.45
3451,2022-01-23,843,105254-IT,798.80
3452,2022-01-23,843,105324-IT,1294.30
3453,2022-01-23,844,105632-T,217.34
3455,2022-01-23,845,105445-T,178.60
3459,2022-01-23,848,105273-IT,303.52
3464,2022-01-23,865,105621-T,241.40
3465,2022-01-23,866,105278-IT,272.24
3470,2022-01-23,871,105632-T,217.34
3473,2022-01-23,903,105756-T,206.16
3474,2022-01-23,905,105546-T,212.32
3475,2022-01-23,909,105565-T,182.25
3478,2022-01-23,911,105266-IT,367.08
3480,2022-01-24,705,105657-T,145.97
3482,2022-01-24,707,105654-T,152.40
3485,2022-01-24,714,105545-T,157.28
3486,2022-01-24,716,105708-T,213.82
3491,2022-01-24,723,105263-IT,379.40
3493,2022-01-24,724,105445-T,178.60
3506,2022-01-24,736,105326-IT,1717.70
3508,2022-01-24,736,105256-IT,752.82
3511,2022-01-24,736,105330-IT,1376.44
3513,2022-01-24,736,105346-IT,318.96
3514,2022-01-24,736,105257-IT,715.00
3516,2022-01-24,736,105274-IT,296.60
3521,2022-01-24,736,105392-T,187.25
3525,2022-01-24,736,105437-T,187.25
3526,2022-01-24,736,105493-B,225.45
3527,2022-01-24,736,105635-T,209.24
3555,2022-01-24,739,105494-T,157.28
3575,2022-01-24,821,105619-T,144.00
3592,2022-01-24,841,105347-IT,837.52
3595,2022-01-24,848,105248-IT,883.48
3604,2022-01-24,868,105775-T,201.80
3608,2022-01-24,902,105335-IT,1257.12
3612,2022-01-24,908,105274-IT,296.60
3620,2022-01-25,708,105702-T,253.40
3624,2022-01-25,712,105365-T,221.48
3626,2022-01-25,721,105392-T,187.25
3629,2022-01-25,725,105619-T,144.00
3631,2022-01-25,726,105269-IT,343.97
3640,2022-01-25,736,105258-IT,701.88
3643,2022-01-25,736,105698-IT,683.36
3644,2022-01-25,736,105272-IT,312.70
3645,2022-01-25,736,105271-IT,326.28
3647,2022-01-25,736,105563-T,171.90
3650,2022-01-25,736,105635-T,209.24
3653,2022-01-25,736,105357-T,195.30
3654,2022-01-25,736,105365-T,221.48
3655,2022-01-25,736,105870-B,220.36
3668,2022-01-25,736,105546-T,212.32
3670,2022-01-25,736,105453-T,159.58
3675,2022-01-25,736,105450-T,226.79
3680,2022-01-25,736,105770-T,201.80
3682,2022-01-25,801,105514-T,263.88
3685,2022-01-25,801,105773-T,219.30
3691,2022-01-25,815,105347-IT,837.52
3703,2022-01-25,836,105756-T,206.16
3717,2022-01-25,850,105392-T,187.25
3724,2022-01-25,902,105453-T,159.58
3725,2022-01-25,903,105403-T,214.32
3727,2022-01-25,904,105534-T,230.70
3730,2022-01-25,906,105347-IT,837.52
3731,2022-01-25,907,105253-IT,801.88
3736,2022-01-26,702,105336-IT,1317.70
3744,2022-01-26,707,105563-T,171.90
3747,2022-01-26,709,105491-T,253.40
3749,2022-01-26,711,105654-T,152.40
3750,2022-01-26,712,105267-IT,355.92
3756,2022-01-26,717,105482-T,241.40
3763,2022-01-26,722,105749-T,217.34
3766,2022-01-26,724,105346-IT,318.96
3773,2022-01-26,729,105575-T,165.50
3776,2022-01-26,734,105770-T,201.80
3786,2022-01-26,736,105757-T,204.58
3788,2022-01-26,736,105563-T,171.90
3793,2022-01-26,736,105621-T,241.40
3830,2022-01-26,802,105706-T,244.90
3836,2022-01-26,812,105829-T,215.77
3838,2022-01-26,815,105804-IT,737.52
3844,2022-01-26,818,105724-T,191.95
3849,2022-01-26,823,105708-T,213.82
3858,2022-01-26,833,105740-T,165.50
3859,2022-01-26,835,105334-IT,1275.44
3860,2022-01-26,835,105257-IT,715.00
3862,2022-01-26,838,105346-IT,318.96
3865,2022-01-26,839,105366-T,213.82
3867,2022-01-26,840,105407-T,223.80
3871,2022-01-26,847,105335-IT,1257.12
3874,2022-01-26,850,105761-T,171.98
3875,2022-01-26,853,105331-IT,1294.30
3879,2022-01-26,866,105698-IT,683.36
3881,2022-01-26,866,105482-T,241.40
3882,2022-01-26,867,105279-IT,272.24
3887,2022-01-26,909,105258-IT,701.88
3888,2022-01-26,911,105260-IT,652.90
3896,2022-01-27,708,105262-IT,603.50
3898,2022-01-27,709,105250-IT,837.28
3900,2022-01-27,709,105445-T,178.60
3902,2022-01-27,711,105270-IT,336.48
3904,2022-01-27,713,105280-IT,254.90
3905,2022-01-27,714,105259-IT,698.80
3910,2022-01-27,718,105491-T,253.40
3912,2022-01-27,719,105563-T,171.90
3914,2022-01-27,721,105740-T,165.50
3924,2022-01-27,731,105554-T,232.40
3925,2022-01-27,733,105258-IT,701.88
3928,2022-01-27,736,105252-IT,815.00
3931,2022-01-27,736,105284-IT,207.85
3934,2022-01-27,736,105525-T,204.58
3937,2022-01-27,736,105491-T,253.40
3940,2022-01-27,736,105534-T,230.70
3973,2022-01-27,736,105775-T,201.80
3974,2022-01-27,737,105275-IT,296.60
3976,2022-01-27,739,105344-IT,265.07
3977,2022-01-27,803,105255-IT,771.36
3982,2022-01-27,808,105325-IT,1717.70
3989,2022-01-27,816,105525-T,204.58
3994,2022-01-27,821,105613-T,219.30
3995,2022-01-27,822,105360-T,188.20
3996,2022-01-27,823,105336-IT,1317.70
4000,2022-01-27,826,105259-IT,698.80
4007,2022-01-27,835,105267-IT,355.92
4014,2022-01-27,839,105329-IT,1061.14
4016,2022-01-27,840,105770-T,201.80
4023,2022-01-27,849,105342-IT,961.14
4025,2022-01-27,850,105544-T,214.32
4027,2022-01-27,850,105369-T,228.30
4033,2022-01-27,868,105340-IT,1291.71
4034,2022-01-27,869,105546-T,212.32
4039,2022-01-27,902,105485-T,205.80
4043,2022-01-27,906,105360-T,188.20
4047,2022-01-27,910,105544-T,214.32
4050,2022-01-28,702,105267-IT,355.92
4054,2022-01-28,703,105635-T,209.24
4056,2022-01-28,705,105271-IT,326.28
4060,2022-01-28,706,105284-IT,207.85
4063,2022-01-28,711,105714-T,152.40
4064,2022-01-28,711,105453-T,159.58
4067,2022-01-28,717,105264-IT,379.40
4069,2022-01-28,719,105488-T,164.20
4073,2022-01-28,723,105510-T,166.00
4076,2022-01-28,727,105724-T,191.95
4080,2022-01-28,732,105674-T,193.25
4081,2022-01-28,734,105331-IT,1294.30
4082,2022-01-28,735,105392-T,187.25
4084,2022-01-28,736,105276-IT,281.43
4086,2022-01-28,736,105275-IT,296.60
4088,2022-01-28,736,105252-IT,815.00
4104,2022-01-28,736,105545-T,157.28
4123,2022-01-28,737,105554-T,232.40
4139,2022-01-28,824,105325-IT,1717.70
4146,2022-01-28,834,105815-IT,903.90
4150,2022-01-28,837,105563-T,171.90
4156,2022-01-28,840,105527-T,228.30
4158,2022-01-28,841,105544-T,214.32
4159,2022-01-28,842,105590-T,187.44
4166,2022-01-28,850,105775-T,201.80
4171,2022-01-28,870,105619-T,144.00
4174,2022-01-28,872,105276-IT,281.43
4194,2022-01-29,709,105590-T,187.44
4202,2022-01-29,718,105251-IT,827.45
4204,2022-01-29,721,105445-T,178.60
4205,2022-01-29,722,105252-IT,815.00
4211,2022-01-29,728,105635-T,209.24
4213,2022-01-29,732,105488-T,164.20
4215,2022-01-29,733,105603-T,178.80
4217,2022-01-29,736,105281-IT,238.56
4218,2022-01-29,736,105248-IT,883.48
4219,2022-01-29,736,105815-IT,903.90
4222,2022-01-29,736,105525-T,204.58
4226,2022-01-29,736,105563-T,171.90
4228,2022-01-29,736,105635-T,209.24
4233,2022-01-29,736,105654-T,152.40
4245,2022-01-29,736,105603-T,178.80
4252,2022-01-29,737,105282-IT,237.28
4253,2022-01-29,737,105565-T,182.25
4267,2022-01-29,814,105773-T,219.30
